video_id,标题,视频链接,account,Code琬儿,Code清涛,Code文昡,final_code,note
10502,这样的集体生日，真让人难忘啊！（武警江西总队 左阳、李彪、宋涛；编辑：徐礼跃）,https://www.douyin.com/video/7236727630525926696,人民武警,,0.0,,0,
2854,【军营一刻】哨兵：请让我再站一班岗！ #军营一刻  #军营趣事（苏启航、卢顺心、乐鸿伟、李嘉兴）,https://www.douyin.com/video/7199223212113235259,八一青春方阵,2.0,0.0,,0,
1147,高原炮兵没被褥？真相来了,https://www.douyin.com/video/7244337551668940032,中国军号,2.0,0.0,,2,
7427,想知道自己能不能成为飞行员？快来试试“招飞智询”！#希望能帮助到有需要的朋友,https://www.douyin.com/video/7211321168740093243,人民空军,1.0,0.0,0.0,0,
8407,母亲节｜我不在您身边的时候，照顾好自己(作者: 覃钊、雷慧莹、朱韫哲    编辑:韩咏轩)#母亲节 #感恩母亲节 #母亲节快乐妈妈辛苦了 #母亲,https://www.douyin.com/video/7232802250207317248,联勤集结号,2.0,2.0,2.0,2,
1137,专家：在美俄之间真选边站队并不符合印度利益！#军事制高点 #国际,https://www.douyin.com/video/7249541215018814732,中国军号,3.0,0.0,,3,
2032,选晋考核，开始！（杨军 吴泽鹏）,https://www.douyin.com/video/7202146050646248765,学习军团,1.0,1.0,,1,
588,“杨根思连”邀请烈士肖思远父母来队过年#新春走军营,https://www.douyin.com/video/7191316341163429160,中国军网,2.0,2.0,,2,
7170,【亮舰⑫：万吨大驱延安舰】延安舰作为最新入列的“万吨大驱”，是人民海军勇闯深蓝的利剑。（海军融媒体工作室出品 剪辑/温彬）#人民海军亮舰#亮舰,https://www.douyin.com/video/7191037111917743397,人民海军,1.0,4.0,4.0,4,
10396,谢谢小姐姐的“龙舟灯”！（武警湖北总队 王子成、江鑫；编辑：曾锦旭）,https://www.douyin.com/video/7247831420092091708,人民武警,,2.0,,2,
503,这是一场浪漫的刺杀操,https://www.douyin.com/video/7214696715130031360,中国军网,4.0,4.0,,4,
5953,我知道你戴军帽的样子，但是没想到这么帅啊#变装 #军装高频变身 #军旅青春终不悔#当兵就是这么帅 #兵哥哥军帽变装,https://www.douyin.com/video/7258207927201189160,北海舰队,1.0,0.0,,0,
2340,北部战区海军某大队官兵拍摄的军营版《反贪风暴》，让我们一起来看看……  #拍出电影感（杜家旭、吴秀威、宋宗建、孟子皓；编辑：郑洋榕）,https://www.douyin.com/video/7268091772885126456,八一青春方阵,2.0,0.0,,0,
3842,带你近距离体验实爆作业（邬小军 程博洋 杨鸿雕）#军事训练 #实爆 #爆破,https://www.douyin.com/video/7230741491126111548,人民前线,1.0,4.0,,4,
5376,听歌就要听军歌！用军歌打开各军兵种，瞬间充满力量#致敬人民子弟兵 #军歌嘹亮 #建军96周年 #中国人民解放军生日快乐 #八一建军节,https://www.douyin.com/video/7262219425808387343,北海舰队,1.0,4.0,,0,
10562,一封感谢函揭开一个暖心的救人故事，为田溢凡点赞！（武警山西总队 王胤祥、段金丰、董怡晨；编辑 吴敬楠）,https://www.douyin.com/video/7230004054791966009,人民武警,,1.0,,1,
3546,战友们的首次心理行为训练（方晓志）#军事训练 #心理,https://www.douyin.com/video/7284478379980655928,人民前线,1.0,0.0,,0,
1742,春天里的强军号角！3月7日晚7点#云观两会,https://www.douyin.com/video/7207692557130714402,中国军视网,1.0,0.0,,0,
11859,离别是为了下一次更好的相见，祝踏上征程的新战友们一路顺风！（作者：贺加 张凯洋 编辑：贺加）#参军入伍 #等我回来 #新兵入伍,https://www.douyin.com/video/7211333961052720442,沧海铸剑,,2.0,,2,
2849,这是你想要的男友力吗？#兵哥哥#男友力（丁国帅、李鹏超、李嘉睦、李嘉兴）,https://www.douyin.com/video/7200184881886842169,八一青春方阵,2.0,0.0,,0,
11262,七一薪火打卡『二十大关键词』｜㉑坚定不移全面从严治党,https://www.douyin.com/video/7190359225472765242,亮剑东南,,0.0,,0,
10586,营区附近车辆侧翻，武警官兵迅速救援（作者：武警江苏总队  郁帅、林高峰、卢海晓；编辑：别特）,https://www.douyin.com/video/7226344197241015613,人民武警,,1.0,,1,
3046,且看我一骑当关，敢教万夫莫开颜#迷彩  #军事训练  #歌曲踏雪  （作者：彭智军、翟文静、赵萌、吕雪祥 编辑：牟泓）,https://www.douyin.com/video/7290855390667902219,东部战区,1.0,0.0,,0,
4767,"我与二十大⑭丨以系统思维聚合力，以前瞻思考谋长远
作者：秦兴华、张云栋、杜官润
摄像：石耘泽、朱   凯、苏   杰",https://www.douyin.com/video/7244004160939576613,忠诚号,0.0,0.0,,0,
8988,战略支援部队驻津某部坚决站好抢险救援最后一班岗（作者：段博、于婷 编辑：王奕文）,https://www.douyin.com/video/7267502593763544381,中国战略支援,1.0,2.0,2.0,2,
1050,《逐梦》首集《充满光荣和梦想的远征》来了！#逐梦强军新征程,https://www.douyin.com/video/7262642085541678336,中国军号,0.0,4.0,,0,
7234,傲霜斗雪，博弈空天 “没有真本领，别来马衔山！”这个年平均气温只有10℃的高原雷达站到底有什么魅力，让一批批空军雷达兵坚守着“明知山上苦偏到山上来，越知山上苦越要长扎根”？来到这里的一年时间，他不仅找到了答案，也完全融入了这个荣誉集体。#我的这一年 主题系列短视频，本期推出西部战区空军雷达兵某旅“马衔山模范雷达站”主官王海鹏在高原雷达站这一年的故事。###探寻好生活的百种温度,https://www.douyin.com/video/7318555172790111507,人民空军,1.0,0.0,0.0,0,
2464,周末还在玩手机？快来看看小火伴的周末吧！ #军营生活 （袁文涛、方金龙、闫顺）,https://www.douyin.com/video/7253451252481150264,八一青春方阵,2.0,0.0,,0,
3005,穿过硝烟，卫勤分队向战而行！#时刻准备战斗 #一线练兵 #大场面 (作者：冯震宇、周新涛、赵萌、吕雪祥 编辑：李润泽）,https://www.douyin.com/video/7305750733545147687,东部战区,1.0,4.0,,4,
5019,超壮观！30秒看地导兵演练高燃瞬间！#壮观 #野外 #演练 #地导兵,https://www.douyin.com/video/7237148600667524407,中部空军,1.0,4.0,4.0,4,
2480,为什么入党？一起来回顾入党时的初心   #建党节 #不忘初心牢记使命（陈世锋、潘槿、邹浩、李志锴 编辑：郑洋榕）,https://www.douyin.com/video/7250664211821366539,八一青春方阵,2.0,0.0,,0,
3616,“硬骨头六连”#硬骨头六连 #两栖 #两栖坦克,https://www.douyin.com/video/7271536804640132371,人民前线,1.0,4.0,,4,
10069,激情比拼！武警吉林总队“巅峰”比武现场“战味”浓（武警吉林总队 梁永刚、朱源芳、吴光彦、南松含；编辑：曾锦旭）,https://www.douyin.com/video/7279389189890739490,人民武警,,4.0,,4,
3502,无寻处，唯有强军心！#听说这个音乐很火 #军恋 #军恋不易,https://www.douyin.com/video/7294932746269494538,人民前线,2.0,0.0,,2,
8281,宁可不玩手机，也要把战友卷的头皮发麻(作者:魏振亚、林俊斌  编辑:黄镇强)#军营回忆 #内卷 #内卷天花板 #军营趣事 #部队生活,https://www.douyin.com/video/7248394982820760884,联勤集结号,2.0,0.0,0.0,0,
6145,近日，南部战区海军某舰载直升机部队节后开展低空飞行、侦查巡逻、野外机动等实战化课目训练科目。(作者：侯捷  神宇  陈俊  刘禹帆 / 编辑：姬翔）,https://www.douyin.com/video/7196838809206574393,南海舰队,1.0,4.0,,4,
7867,军娃军嫂来拜年了,https://www.douyin.com/video/7190545352754285882,中国火箭军,2.0,2.0,2.0,2,
2736,兵哥哥版光剑变装   #光剑变装挑战 #青年官兵（马成锁、易谭俊康、耿梦爽；编辑：姚天宝）,https://www.douyin.com/video/7215557417273216291,八一青春方阵,2.0,0.0,,0,
7733,2023年春的第一场雪，刺杀操准备！,https://www.douyin.com/video/7212518478216006972,中国火箭军,1.0,4.0,4.0,4,
6160,新年——“星”的起点，近日，南部战区海军各级为2022年毕业军官学员隆重组织授衔仪式。（作者：李全 门良杰 姬翔 杜荣波 李润发 邹雨良 杨圆超 范中伟 刘懿君 黄厚人 神宇 孙铭 王韩非 邹柠 孙玺轩 李一鸣 陈祥 李刚 马亚刚 凌浩 赵浩然 李赵伟 杨堉博 付冲 郭志豪 王帅 / 编辑：姬翔）,https://www.douyin.com/video/7189161828935535927,南海舰队,1.0,3.0,,3,
7370,7月27日，空军航空开放活动·长春航空展现场，以多种形式进行纪念抗美援朝战争胜利70周年#空军航空开放日 #长春航空展 #强军之路,https://www.douyin.com/video/7260500453094444345,人民空军,1.0,1.0,1.0,1,
7834,干惊天动地事 ，做隐姓埋名人！东风快递小记者带你走进中国“两弹城”（上）,https://www.douyin.com/video/7195120033209650493,中国火箭军,1.0,0.0,0.0,0,
3386,危急时刻，“东风快递小哥”出手了！#感动  #注意防火 （李家鹏）,https://www.douyin.com/video/7187315646588357946,东部战区,4.0,2.0,,1,
7703,火箭军直招军官宣讲团走进河南大学，携笔从戎、青春无悔,https://www.douyin.com/video/7218009789735996733,中国火箭军,1.0,0.0,0.0,0,
11488,你们要的向云端，来啦！#向云端 #向云端山那边海里面,https://www.douyin.com/video/7253756786371546420,永不消逝的电波,,0.0,,0,
5800,轻骑千里播撒强军火种，文化盛宴点燃戍边豪情。北部战区陆军业余文艺轻骑队黑龙江篇接续来袭！（摄像：杨祥 张泉 张新玮 许春林 编辑：曹超）@中国军网 @人民日报 @人民陆军,https://www.douyin.com/video/7252096535809248527,北陆强军号,,0.0,,0,
4812,"兵记者在一线①丨青春心向党，使命再出发
连日来，战区陆军官兵多种形式学习党的二十大主题，他们深入一线、走进官兵。今天，数字文艺轻骑队带来一段快板，邀大家一起学习党的二十大主题。
作者：王艳玲、李建鹏
单位：数字先锋工作室",https://www.douyin.com/video/7223941302809890103,忠诚号,2.0,0.0,,0,
6385,雨季时节，兵哥哥教你如何在室外防雷击。（邹壹文锌、廖鹏、李朋朋） #兵哥哥 #预防雷击 #安全科普知识,https://www.douyin.com/video/7260878773032193338,高原战士,1.0,0.0,,0,
8834,美国“功勋”间谍在华落网！国安部披露详情,https://www.douyin.com/video/7277356001064455481,中国战略支援,1.0,1.0,1.0,1,
5004,来看，昔日军营“雏鹰”已振翅高飞！#新兵 #破茧成蝶 #青春,https://www.douyin.com/video/7244927880558529853,中部空军,1.0,4.0,4.0,4,
7858,我们一起过年——2023东风快递网络春节联欢会（二）,https://www.douyin.com/video/7191026243884633355,中国火箭军,1.0,0.0,0.0,0,
1798,准备开火！数一数出了多少弹壳？,https://www.douyin.com/video/7197717845881441588,中国军视网,1.0,4.0,,4,
6264,这十年，是我最炙热的十年。（邢开、李宏鑫、代芯语、倾金强）#十年对视转场变装 #我们不再是我们,https://www.douyin.com/video/7280439053323996474,高原战士,1.0,0.0,,0,
3200,火箭军小姐姐，教你军考小妙招#军考 #祝福 #军校报考 （作者：陈世锋 曾陈龙 张帆 李万强 编辑：刘坚）,https://www.douyin.com/video/7241744929070812471,东部战区,2.0,0.0,,0,
10443,太爱了！忍不住晒晒刚获得的“人民武警”新媒体文创奖品（作者：曾锦旭、武警四川总队 陈宇、沈忆、周子嵛;编辑:李楠）,https://www.douyin.com/video/7243021679419460875,人民武警,,0.0,,0,
7236,【#2023年人民空军的哪些瞬间让你难忘】跟随人民空军一起回望2023年那些难忘的瞬间，为启航新的一年汲取力量！#2023年度回忆,https://www.douyin.com/video/7318546116440591627,人民空军,1.0,0.0,0.0,0,
7341,#空军飞行员驾驶战机俯瞰宝岛中央山脉 时，深情唱起“我的战鹰绕着宝岛飞……”#人民空军 #奋斗强军新征程 #强军之路,https://www.douyin.com/video/7262660703369170213,人民空军,1.0,1.0,1.0,1,
9947,味蕾大开! 快来打卡军营美食节（武警河南总队 冯雨、江志伟、乔智；编辑：曾锦旭）,https://www.douyin.com/video/7295320722275142963,人民武警,2.0,4.0,4.0,4,
6234,生在春风里，长在红旗下，祖国万岁。（米玛罗杰）#最爱这一抹中国红 #祖国万岁,https://www.douyin.com/video/7285280354099875084,高原战士,1.0,1.0,,1,
2216,国防科技大学2023级新学员新训前后对比照 #青年官兵 #军校学员 （侯文雄、魏晨宇）,https://www.douyin.com/video/7286472953112300860,八一青春方阵,2.0,0.0,,0,
10526,肾上腺素飙升，带你走进武警火力分队实弹射击现场！（武警第一机动总队 赵亮、李传龙、王土兴；编辑：徐礼跃）,https://www.douyin.com/video/7234118592516721957,人民武警,,4.0,,4,
3485,第73集团军某旅：跨昼夜实弹射击考核 检验炮兵分队火力打击效能,https://www.douyin.com/video/7298701650984799525,人民前线,1.0,4.0,,4,
2593,今日份的安全感是战友给的   #我的好战友  #相亲相爱一家人（赵爽、周璇、肖鹏、孟庆嘉 编辑：郑洋榕）,https://www.douyin.com/video/7234802867440291109,八一青春方阵,2.0,0.0,,2,
5269,#美国入侵#华为总部服务器，外交部回应（来源：央视新闻）,https://www.douyin.com/video/7283094821747707193,西陆强军号,3.0,3.0,,3,
5926,光荣停飞！服役38年，“老飞”向战鹰告别#海军航空兵 #中国力量 #若有战必召回,https://www.douyin.com/video/7270451801520885055,北海舰队,1.0,2.0,,2,
2430,#拍桌变装挑战 怎么能少了我们 （方昭杰、赖治尹、舒嘉豪 编辑：郑洋榕）,https://www.douyin.com/video/7257522520058760508,八一青春方阵,2.0,0.0,,0,
1186,欢迎回家！神舟十五号航天乘组返航！,https://www.douyin.com/video/7240596469428915517,中国军号,0.0,0.0,,0,
9429,祝贺！#我国成功发射试验十九号卫星  （钟志峰、王衡、瞿良）,https://www.douyin.com/video/7210746200801267003,中国战略支援,1.0,0.0,0.0,0,
11541,快来！这里有3张专属军服体验卡，让我们一起看看他们的专属体验吧!( 于成龙、冯一骁、许博文）#六一儿童节 #军娃 #军营专属,https://www.douyin.com/video/7239664338166893880,永不消逝的电波,,2.0,,2,
4030,弹壳倾泻一地 来感受自行高炮的超强火力（中国军视网）#自行高炮 #实弹射击 #火力全开,https://www.douyin.com/video/7203737429117783354,人民前线,4.0,4.0,,4,
4416,【“联合国日” 中国维和医疗分队为当地民众义诊】当地时间10月24日上午，在#联合国日#来临之际，中国第13批赴南苏丹（瓦乌）维和医疗分队应当地政府的邀请，派出医务人员前往当地瓦乌市体育场为民众开展义诊活动。#中国蓝盔#（胡楠、方凯旋、窦晓强）,https://www.douyin.com/video/7294456898206715170,中部号角,1.0,1.0,,1,
9228,钢琴独奏《是妈妈是女儿》#兵哥兵姐唱军歌（王子木、杜广鑫、于全金）,https://www.douyin.com/video/7231928312317218107,中国战略支援,1.0,4.0,4.0,4,
6989,【感恩 | 2023年人民海军成立纪念日“第二季·我和我的家乡⑥”】2008年5月12日，四川汶川发生里氏8.0级特大地震。天塌地陷中，海军蓝的身影深深印在了年仅8岁的小男孩杨羿韬脑海中。10年后的高考，杨羿韬报考了海军工程大学，军校毕业后选择了海军防救部队，专门从事救援工作。在人民海军成立74周年之际，杨羿韬的妈妈钟磊女士在送来生日祝福的同时，表达了对儿子建功军营的殷切期盼。（肖勇利 徐洪兵 陈登科 郑孜 编辑/段振军）#人民海军74周年 #壮丽新航程 #强军十年海军时刻,https://www.douyin.com/video/7225268823123873079,人民海军,1.0,1.0,1.0,1,
5597,#张光北向#西陆强军号送来生日祝福 #张光北 #西陆强军号六周年,https://www.douyin.com/video/7227466173070232866,西陆强军号,,1.0,,0,
8086,用原神和开心超人打开军兵种系列（作者:马小尉、康廷磊、张学斌   编辑:黄镇强）#开心宝贝 #原神 #军兵种系列,https://www.douyin.com/video/7287907079472434467,联勤集结号,2.0,0.0,0.0,0,
4929,直招军官张鑫，二次入伍奔赴星辰大海#二次入伍续写军旅荣光 #新兵,https://www.douyin.com/video/7280922421543079183,中部空军,1.0,0.0,,0,
5077,逐梦火热军营，亲兄弟比一比！#军营 #青春的样子 #鲲鹏,https://www.douyin.com/video/7208454663933398329,中部空军,2.0,0.0,,0,
961,#东部战区 发布主题海报《路》！#看军事上军号,https://www.douyin.com/video/7269049759250402572,中国军号,0.0,1.0,,0,
1586,牛！抗美援朝首位“特级英雄”杨根思的战斗绝技#讲武堂,https://www.douyin.com/video/7241850348476894501,中国军视网,4.0,2.0,,4,
10560,江西突降特大暴雨导致大规模城市内涝，武警江西总队抚州支队第一时间赶赴受灾地区展开救援行动（武警江西总队 杨剑、刘宇龙、师锐、马涛、毛飞、黄祁明、万立恒；编辑 吴敬楠）,https://www.douyin.com/video/7230260168225803579,人民武警,,1.0,,1,
3938,国防部：美英澳“三方安全伙伴关系”毫无益处、危害极大#美英澳,https://www.douyin.com/video/7216547435944906043,人民前线,3.0,3.0,,3,
3476,上等兵生日当天，父母来到部队为他庆生！ （邱友平 周文韬 沈正义）#生日快乐 #生日惊喜,https://www.douyin.com/video/7301624838257397028,人民前线,2.0,2.0,,2,
1829,新年快乐！一份来自酒泉卫星发射中心的祝福请查收#谁是终极英雄,https://www.douyin.com/video/7191319362521795878,中国军视网,2.0,0.0,,2,
6727,围观边疆军营“军BA”，现场超燃！（高群、邱虹霖、张良、张朝科、李嘉强）#篮球🏀,https://www.douyin.com/video/7261105288340622629,喀喇昆仑卫士,1.0,0.0,0.0,0,
3534,全网撒糖！这场中式集体婚礼超甜！（刘坚 吴昊宇 金之焱）#婚礼 #国庆节 #结婚,https://www.douyin.com/video/7285990278979243318,人民前线,2.0,0.0,,2,
6733,织“天网”，射“天狼”！（罗成）#练兵备战正当时 #当兵就是那么帅,https://www.douyin.com/video/7256674047445044540,喀喇昆仑卫士,1.0,4.0,4.0,4,
8983,运油-20生产车间罕见曝光载油量超过100吨,https://www.douyin.com/video/7267939276095016250,中国战略支援,1.0,4.0,4.0,4,
4,冰雪覆盖，武警战士开展抗寒训练！（杨一鸣 郭光明 朱红志）,https://www.douyin.com/video/7318197967666613523,中国军网,4.0,4.0,,4,
10051,火热开幕！这场球赛比你想象中更“燃”！（武警北京总队 杨树盛、李岳峰、何泽锋；编辑：徐礼跃）,https://www.douyin.com/video/7281600221572795682,人民武警,,0.0,,0,
9987,入队授装，意味着肩负的使命更重了！（武警西藏总队 刘爽、刘友胜；编辑：曾锦旭）,https://www.douyin.com/video/7289400639946313012,人民武警,1.0,3.0,3.0,3,
10667,当军营突然出现跳格子（作者：武警第一机动总队  冯涛、张宇；编辑：岳彩嵩）,https://www.douyin.com/video/7217054384130166016,人民武警,,0.0,,0,
8722,直击推进剂保障系统带压堵漏演练画面（赵威宇、王奕文）,https://www.douyin.com/video/7295671619006123276,中国战略支援,4.0,0.0,0.0,0,
472,第81集团军某合成旅刺杀操训练，霸气十足！(宋林峰、黄明俊、李庆宇、范资昂),https://www.douyin.com/video/7221421272255843641,中国军网,2.0,4.0,,4,
4808,"兵记者在一线⑤丨带你看“别人家”的军营文化艺术节......
前段时间，战区陆军第82集团军某合成旅开展了首届军营文化艺术节，官兵们笔墨写丹青，手绘寄军营，以多种方式宣传党的二十大主题，下面请跟随兵记者，一起到现场看看吧。
策划：孙   辙、杜毅晨、王   轶、崔冠楠
摄影：匡哲永、张峻清、顾俊杰
单位：逐梦铁骑工作室",https://www.douyin.com/video/7225782025247100216,忠诚号,2.0,0.0,,0,
5455,#盘点#军营#神器  #背包绳 （作者：梁爽 刘涛 乔玉涛 赵廷君）,https://www.douyin.com/video/7252547762858773797,西陆强军号,,4.0,,4,
7997,新同志在部队第一次过集体生日是什么样的，快来感受一下吧！（作者:马晨君、雷欢、任建行   编辑:韩咏轩）#生日快乐 #新兵营 #集体生日,https://www.douyin.com/video/7303860098160479523,联勤集结号,2.0,0.0,0.0,0,
7813,得知爸爸即将归队，小军娃的三个时辰,https://www.douyin.com/video/7200640633395121466,中国火箭军,1.0,0.0,0.0,0,
7490,退伍季 | 又携书剑路茫茫！山海有期，老兵再见,https://www.douyin.com/video/7310148147932613899,中国火箭军,2.0,2.0,2.0,2,
475,中国外交部：“台独”同台海和平稳定水火不容,https://www.douyin.com/video/7220713323006889231,中国军网,1.0,1.0,,1,
11068,现场原声，空降兵15勇士5000米生死盲跳！#汶川地震15周年祭,https://www.douyin.com/video/7231961159220464951,我们的天空,,1.0,,1,
613,实弹射击现场，摄像师拍得真实。,https://www.douyin.com/video/7184619543136865571,中国军网,1.0,4.0,,4,
8136,如果你还记得918，请点亮❤️祭奠3500万同胞#918勿忘国耻 #九一八  #九一八事变爆发92周年 （编辑:黄镇强）,https://www.douyin.com/video/7279727348952419636,联勤集结号,2.0,1.0,1.0,1,
1089,飞机残片做餐具，缴获的螺母做烟斗……志愿军战士们视死如归却又乐观向上！#抗美援朝 #看军事上军号 #八一建军节,https://www.douyin.com/video/7259569954268269824,中国军号,2.0,2.0,,2,
6460,#一起涨知识 野外驻训小妙招（舒昌雨、李佳驹、田志雄、张维国）,https://www.douyin.com/video/7249329567742135612,高原战士,1.0,4.0,,4,
5146,长大后我就成了你！在震区的小男孩认真许下他12岁的生日愿望： “我想当兵，保家卫国！”（来源：央视新闻）,https://www.douyin.com/video/7316032107090873626,西陆强军号,2.0,1.0,,2,
1550,原声就是真实！多角度观看火箭筒发射的震撼瞬间,https://www.douyin.com/video/7258208057556028706,中国军视网,1.0,4.0,,4,
2398,人民武警表情包真人挑战，你最喜欢哪一款（武警河北总队 苏唱、范亚康、狄淼森、朱孝玮；编辑：曾锦旭）,https://www.douyin.com/video/7261164416996003133,人民武警,1.0,0.0,0.0,0,
3796,想知道兵哥哥是怎么过六一的吗？（苟雪菲 夏姚伟 龙黎）#六一 #兵哥哥 #大孩子也该拥有儿童节的快乐,https://www.douyin.com/video/7239571377165012280,人民前线,2.0,0.0,,0,
5547,#神州十六号 5月30日9时31分#发射！,https://www.douyin.com/video/7238464663166537000,西陆强军号,,0.0,,0,
734,燃！#和平友谊2023 联演现场 #看军事上军号,https://www.douyin.com/video/7304184859130400034,中国军号,1.0,4.0,,4,
4117,特战女兵廖华清再次荣立二等功（李洪顺 刘坚 刘庆峰）,https://www.douyin.com/video/7189927818132835640,人民前线,2.0,1.0,,2,
3036,铁血“硬汉”，“肌”情燃烧  #腹肌  #要做一个猛男 #这谁顶得住啊  （作者：冯冲浪、宋凯琦、秦雯 编辑：李润泽）,https://www.douyin.com/video/7294624844661017910,东部战区,2.0,0.0,,0,
7291,英勇无畏，先锋无敌！看空军航空兵某旅长空战巡（陈逸松 倪天一）#人民空军,https://www.douyin.com/video/7287425522076781843,人民空军,1.0,2.0,2.0,2,
2674,远山含雪、云海聚散，最美的风景由高原战士守卫，一起领略独属雪域高原的最美风景！ #高原战士 #雪域高原 #卫国戍边（梁爽、乔玉涛、吕繁亮、张玺、薛伟；编辑：郑洋榕）,https://www.douyin.com/video/7224475992700620093,八一青春方阵,2.0,1.0,,1,
8319,6月10日，李尚福会见泰国陆军司令#中国外交 #中泰 #中泰合作 #李尚福会见泰国陆军司令,https://www.douyin.com/video/7242949726553886008,联勤集结号,2.0,0.0,0.0,0,
3057,热血沸腾！直击武警军事比武高燃瞬间#超燃  #现场直击  #军事训练  （作者：孙兴超、彭天昊、翟宏 编辑：牟泓）,https://www.douyin.com/video/7287188270591626507,东部战区,1.0,4.0,,4,
7626,#军营生活指南 | 畅享阅读篇,https://www.douyin.com/video/7234699876473277753,中国火箭军,1.0,0.0,0.0,0,
44,国防部：敦促日方停止制造借口扩军备武,https://www.douyin.com/video/7312366492668988722,中国军网,1.0,3.0,,3,指责他国的不正义行径
1812,高原高寒条件下全副武装奔袭，为拼搏中的官兵点赞！,https://www.douyin.com/video/7195486228031016253,中国军视网,1.0,4.0,,4,
7145,【庆新春猜灯谜赢舰帽：#海军特色灯谜与您一起过大年】还记得上一个陆战队的灯谜嘛？是不是很很简单？今天陆战队的第二个灯谜来了，这个谜题略显烧脑哦！友情提示，谜底五个字，快戳视频抢答吧！（关亚斐 剪辑/李凤祥）,https://www.douyin.com/video/7192862511979449637,人民海军,1.0,2.0,2.0,2,
2462,一秒进入状态，时刻准备战斗！ #一秒长大运镜挑战（陈树滇、蔡家豪、黄亚 编辑：郑洋榕）,https://www.douyin.com/video/7253739287416425783,八一青春方阵,2.0,4.0,,4,
2867,【军营一刻】他对游戏不是很感兴趣！ #军营一刻  #抽签挑战  （苏启航、卢顺心、乐鸿伟）,https://www.douyin.com/video/7197432280506191161,八一青春方阵,2.0,0.0,,0,
6136,习近平视察南部战区海军，亲切接见官兵代表。,https://www.douyin.com/video/7221160482206420284,南海舰队,1.0,0.0,,0,
3106,军犬“凌风”，服役8年，退出现役#军犬  #退役  #无言战友  （作者：陈世锋、黄海宽、晓彤、兰珂  编辑：刘坚）,https://www.douyin.com/video/7273447024752692491,东部战区,2.0,4.0,,4,
6603,庆祝百万农奴解放64周年，西藏军区部队官兵代表同自治区各界干部群众在布达拉宫广场参加升旗仪式！#升旗仪式#热点   （唐杨、米玛罗杰、次旺）,https://www.douyin.com/video/7215578893741215028,高原战士,1.0,1.0,1.0,1,
572,平板支撑：今天就是我的主场！#军营的味道,https://www.douyin.com/video/7194767311235075362,中国军网,1.0,4.0,,4,
6043,“舰”证！快来参与#我与战舰合个影 关注“北海舰队”公众号，点击菜单“战舰合影”，进入“我与战舰合个影”页面，点击“合影”操作，生成专属明信片。一起为人民海军庆生吧！,https://www.douyin.com/video/7225111117150948663,北海舰队,1.0,0.0,,0,
7980,来看看中国军人的“毕业”仪式感 （作者：范青峰、王德玉  编辑：赵乃铖）#参军入伍 #新兵营 #授衔,https://www.douyin.com/video/7306710211752889627,联勤集结号,2.0,3.0,3.0,3,
2494,当战友之间的“交易”被班长及时阻止  #军营一刻 #军营趣事（赵爽、李瑞鹏、董三军 编辑：赵爽）,https://www.douyin.com/video/7247477654868299067,八一青春方阵,2.0,0.0,,0,
11341,护线行动（于伟博）#通信兵 #巡线,https://www.douyin.com/video/7290740919656041783,永不消逝的电波,,0.0,,0,
8029,这就是中国军人！（编辑:黄镇强）#军人 #参军入伍 #兵哥哥,https://www.douyin.com/video/7297914269251718452,联勤集结号,2.0,0.0,0.0,0,
2948,一朝特战人，一生特战魂！直击特战队员入队仪式！ #青年官兵  #武警特战 （陈林涛）,https://www.douyin.com/video/7185918094991265081,八一青春方阵,2.0,3.0,,3,
5678,侦察兵，出击！,https://www.douyin.com/video/7212087903999020322,西陆强军号,,4.0,,4,
160,当白色婚纱遇到白色军装,https://www.douyin.com/video/7293075177460616457,中国军网,2.0,0.0,,2,
1215,专家：美陆海空三军演练打击海上移动目标，火药味十足！#军事制高点 #国际,https://www.douyin.com/video/7230738703230963001,中国军号,3.0,0.0,,0,
4082,来看看这个春节兵哥哥都在干嘛（林燕飞 舒圣亮 王云龙）,https://www.douyin.com/video/7193902629414522171,人民前线,2.0,0.0,,0,
4521,【中部战区空军某场站成功疏散被困群众400余人】近日，北京市昌平区北沙河南侧大堤决口，千余名群众被困，急需转移到安全地带。在中部战区联指中心统一指挥下，中部战区空军某场站官兵迅速赶赴现场，展开装填沙袋、构筑防汛墙和搜救转移受灾群众等工作。救援持续12小时，有效围堵了北沙河南侧大堤决口，目前成功疏散被困群众400余人。#风雨有我在人民请放心 （方世宇、朱姜海、刘清超、刘默涵、刘耀东、李潇、李威  编辑：常延凯）,https://www.douyin.com/video/7262669674935078144,中部号角,1.0,1.0,,1,
9719,一句晚安，要经过万水千山，和艇长聚少离多，困难时甚至想过离婚，但最终选择坚守。（央视军事）,https://www.douyin.com/video/7192945940154699065,中国战略支援,1.0,2.0,2.0,2,
9548,#山东舰 编队南海演练，喊话现场，#安全感 爆棚！#航母,https://www.douyin.com/video/7201028954092866853,中国战略支援,1.0,4.0,4.0,4,
1463,好儿郎 参军去！多地欢送新兵入伍,https://www.douyin.com/video/7280501997902515497,中国军视网,2.0,1.0,,2,
5770,边防新战士首次踏上巡逻路，守卫在祖国边防线上！,https://www.douyin.com/video/7186575614244146472,西陆强军号,,1.0,,1,
1294,#2023上半年直招军官  全面展开，详情速戳→,https://www.douyin.com/video/7211542337292373306,中国军号,1.0,5.0,,1,
8737,神舟十七号载人飞船即将发射，先来欣赏#东风航天城美丽秋景 （付丽双、张鸿雁、王奕文、贺高兵、李明堂）,https://www.douyin.com/video/7293932609950813492,中国战略支援,0.0,0.0,0.0,0,
10563,突发交通事故，导致幼童受伤，武警官兵暖心救助（武警河北总队 王乾、赵梓岑；编辑 吴敬楠）,https://www.douyin.com/video/7230003656827981114,人民武警,,1.0,,1,
6010,六一来啦！5月30日至6月1日，每天上午9:00，海军青岛示范幼儿园儿童节活动直播等你来看（作者：尹爱群、王璐、连玉倩，编辑：娄欣辉）  #六一就是要快乐呀 #儿童节 #六一,https://www.douyin.com/video/7238589771906370871,北海舰队,1.0,0.0,,0,
9149,这把勺子，不是人人都能用（李梦笑、陈国文、林宗钰）#用好双四一奋进新征程,https://www.douyin.com/video/7256596415332273423,中国战略支援,1.0,0.0,0.0,0,
3623,一个中国原则是绝不可逾越的底线！（作者:刘瑞雪、卢建峰 ）#归 #我是来揍你的 #阅海峡 #坚决捍卫祖国统一,https://www.douyin.com/video/7270099176887782690,联勤集结号,2.0,1.0,1.0,1,
111,外交部例行记者会 望G7为巴以停火止战采取实际行动（军事报道）,https://www.douyin.com/video/7299720371601689883,中国军网,3.0,0.0,,3,中国军队是正义之师
1755,火力强劲！直击车载榴弹炮实弹射击现场,https://www.douyin.com/video/7205165869809356091,中国军视网,1.0,4.0,,4,
7572,来看看当对象不回你消息的时候，他都在干嘛？,https://www.douyin.com/video/7254735979678813444,中国火箭军,1.0,4.0,4.0,4,
1056,多军种联合#抢滩登陆 拢共分几步？#逐梦强军新征程,https://www.douyin.com/video/7262333498889964840,中国军号,1.0,4.0,,4,
7001,【#“青春”对话 共述海军故事# 】一个普通人的成长史、一名海军官兵的成长史，也是一个时代和国家的印记。在人民海军跨越发展的浪潮中，青年一代把青春融入大海，见证了人民海军走向深蓝的铿锵步伐。下面，让我们听听他们的心里话。（刘少伟 高新雨 程嘉豪 冯伟豪 刘丕禄 卢新千 杨钊 陈泓宇 孙科文 刘礼鹏 杨洁瑜 吴凡 邱玮伊 剪/宋浩 编/高新雨）#人民海军成立74周年#,https://www.douyin.com/video/7225231261189541178,人民海军,1.0,2.0,2.0,2,
6283,再见，我们还会再见。（李鹏、华顺富）#期待下次相聚 #再见战友们,https://www.douyin.com/video/7276052959199235388,高原战士,1.0,2.0,,2,
1545,超燃瞬间！“八一”飞行表演队6机表演展翼云霄,https://www.douyin.com/video/7260011428185263394,中国军视网,4.0,0.0,,4,
8423,联勤保障部队某教导大队联合新兵营举办第三届军营文化艺术节(作者：孙志豪、徐自强、郑伦慧、魏响)#军营文化 #艺术节 #新兵 #新兵训练 #军事训练,https://www.douyin.com/video/7231321201912679714,联勤集结号,2.0,0.0,0.0,0,
1594,论铁路装载，还得是兵哥！（郑辉 胡伟东 张晗 王飞）,https://www.douyin.com/video/7239559898621611264,中国军视网,1.0,4.0,,4,
3128,向海出击！迎“浪”而上#大海 #海训 #游泳（作者：杨川、杨金国、李政、付少旋  编辑：刘坚）,https://www.douyin.com/video/7267894859527130407,东部战区,1.0,4.0,,4,
189,亚运“飞”常时刻丨你可以永远相信中国女排！三连胜！向决赛进发。 #杭州亚运会#中国女排,https://www.douyin.com/video/7286102009789287736,中国军网,0.0,0.0,,0,
343,热烈庆祝中国人民解放军建军96周年 #八一建军节,https://www.douyin.com/video/7261979316873858339,中国军网,2.0,4.0,,4,
11069,谁再说我是喝茶看报纸的，我跟谁急！（牛明扬 李玉彬）,https://www.douyin.com/video/7231449518754090298,我们的天空,,0.0,,0,
4634,燃烧吧，卡路里！中部战区综合训练馆投入使用,https://www.douyin.com/video/7188682496928746809,中部号角,4.0,0.0,,0,
9183,轿车失控冲入河中，两人被困，休假武警战士见状跳进水中紧急救援。为付一豪点赞!,https://www.douyin.com/video/7251532339438832953,中国战略支援,1.0,1.0,1.0,1,
3053,氛围拉满！A面给同志，B面给敌人#变装  #兵哥哥  #压迫感  （作者：刘坚、吴昊宇、金之焱 编辑：牟泓）,https://www.douyin.com/video/7288607948241112361,东部战区,2.0,0.0,,0,
8072,这才是婚礼仪式的天花板！给他们点个赞送个祝福吧！（作者:殷德、黄镇强  编辑:邢雨辰）#女孩 #集体婚礼 #军婚的异地恋,https://www.douyin.com/video/7290509630223011107,联勤集结号,2.0,0.0,0.0,0,
5271,盘点#兵哥哥的#武艺——#七星拳篇,https://www.douyin.com/video/7282678419932892474,西陆强军号,2.0,0.0,,0,
1673,午睡，你睡对了吗？#军视问答,https://www.douyin.com/video/7221075954758618425,中国军视网,0.0,0.0,,0,
10058,军营里的“金牌辅助”，快来围观后勤专业兵的别样风采！（武警甘肃总队 陈浩焓、高宏喨；编辑：徐礼跃）,https://www.douyin.com/video/7280526791905774900,人民武警,,0.0,,0,
8814,青春执甲先报国，待儿归时再尽孝 #参军入伍报效国家 （八一青春方阵）,https://www.douyin.com/video/7279340491949362487,中国战略支援,1.0,0.0,0.0,0,
3124,东部战区位台岛北部、西南海空域开展联合夺取海空制权、搜潜反潜等科目训练#东部战区位台岛周边演训#坚决捍卫祖国统一#联合夺取海空制权,https://www.douyin.com/video/7268916866611989779,东部战区,1.0,1.0,,1,
11366,你要写拼搏，就不能只写拼搏！（王方 王一帆 赵志宏 侯鹏程） @三剑客  #诗词中的军营,https://www.douyin.com/video/7279242604628184356,永不消逝的电波,,0.0,,0,
1952,看军事，上军号！军事数字主播“子明”亮相中国军号！,https://www.douyin.com/video/7256365977808457023,学习军团,0.0,0.0,,0,
1435,冲！冲！冲！沉浸式体验400米障碍过障（作者：罗骏皓 郭徐扬）,https://www.douyin.com/video/7308572928491130127,中国军视网,2.0,4.0,,4,
7316,歼-20飞行员深情寄语青少年：过去有他们，现在有我们，未来有你们。#开学第一课,https://www.douyin.com/video/7274109701980196154,人民空军,1.0,0.0,0.0,0,
7171,【庆新春猜灯谜赢舰帽：#海军特色灯谜与您一起过大年】有奖！有奖！有奖！春节假期，海叔邀请驻守在海防一线的官兵们精心准备了具有海军特色的灯谜，猜中答案且点赞最多的粉丝将获得精美舰帽一顶，大家快来参与吧！活动平台：“人民海军”微博、抖音、快手、今日头条、哔哩哔哩。第一条灯谜来了：实战本领哪家强，七彩霓虹斗志昂，远海大洋挺脊梁。阅星光、迎朝阳，梦想上扬十四度，擎鹰十载奋斗路，亮锋芒、卫海疆。打一海军舰艇名。（朱悦萌 孙晓骐 王堂凯 吴昊桐 剪辑/刘若男）,https://www.douyin.com/video/7190923533483035962,人民海军,1.0,0.0,0.0,0,
5360,这不是科幻！这是我军科研成果！#逐梦强军新征程,https://www.douyin.com/video/7264366149436001573,西陆强军号,,4.0,,4,
4193,致敬老兵！愿有前程可奔赴，亦有岁月可回首,https://www.douyin.com/video/7272922632696106292,南部战区,2.0,0.0,,2,
332,强军之路丨微视频《追伞的兵》,https://www.douyin.com/video/7262585946183454011,中国军网,2.0,4.0,,4,
4309,以党的二十大精神为引领，空军航空兵某旅官兵奔向新征程！（肖玉宏、和骞、王义全、周星宇、姚佑松、黄荣开）#党的二十大精神在基层,https://www.douyin.com/video/7206162547114790200,南部战区,1.0,0.0,,0,
6126,“我们来了，大家安全了！” 归途很远，祖国很近！#中国军舰赴苏丹撤侨 #为我们有个强大的祖国而骄傲 #中国公民从苏丹撤离画面,https://www.douyin.com/video/7226921094890933536,南海舰队,1.0,1.0,,1,
3254,新兵首次实弹射击，12名新战友5发子弹打出50环#新兵 #实弹射击 #打靶归来 （作者：王宁、刘德文、张继英  编辑：冯冲浪),https://www.douyin.com/video/7226945135530020152,东部战区,2.0,4.0,,4,
5789,受强降雨影响，黑龙江省五常市沙河子镇大贵村被洪水围困，180多名村民受灾。陆军第78集团军某旅为克服重重困难为被困群众送去急需物资。（记者：段然 韩天宇 成鑫浩 董远成 赵伟志）,https://www.douyin.com/video/7264882607337262351,北陆强军号,,1.0,,1,
1421,又萌又猛！一起来看军犬的蜕变#军迷行天下,https://www.douyin.com/video/7310140473228758312,中国军视网,1.0,4.0,,4,
6927,【#科莫多2023多国海上联演开幕 】 当地时间5日，“科莫多-2023”多国海上联演在印度尼西亚南苏拉威西省望加锡市开幕。36个参演国家的海军代表在码头签署匾额，共同见证演习开始。据介绍，演习将持续到6月8日，包括港岸阶段和海上演习阶段。多国海军将围绕海上拦截、海上搜救、损害管制等课目展开海上阶段的联演。(焦飞宇 李楸 李虹明 张虎志 冯俊菘 编辑/池敬爽),https://www.douyin.com/video/7241121736522026299,人民海军,1.0,4.0,4.0,4,
549,海军启动2023年度招飞选拔工作,https://www.douyin.com/video/7202419696371535139,中国军网,1.0,0.0,,1,
9550,电影场景！#3D打印 火箭零件现场，#中国航天 ，#流浪地球2 。,https://www.douyin.com/video/7201019903292247357,中国战略支援,1.0,0.0,0.0,0,
4360,老兵别哭，常回家看看！（作者：任建波、甘浩辰）#退伍不褪色,https://www.douyin.com/video/7273786448812264763,南部空军,2.0,2.0,,2,
9305,#运20 重装空投训练，多角度感受重型装备出舱瞬间！,https://www.douyin.com/video/7219105480130579770,中国战略支援,1.0,4.0,4.0,4,
3292,致敬英雄！火箭军某部官兵祭扫英烈。#清明 #烈士 #缅怀先烈 （作者：陈世锋、杨亚石、韩雪松  编辑：冯冲浪）,https://www.douyin.com/video/7217445295792147767,东部战区,1.0,2.0,,2,
7825,东风快递版#早安中国,https://www.douyin.com/video/7197229706167471417,中国火箭军,1.0,4.0,4.0,4,
10574,黄山景区男孩走失，武警官兵暖心救助（武警安徽总队 王先克、凌林、余小弘；编辑 吴敬楠）,https://www.douyin.com/video/7228554544999976226,人民武警,,1.0,,1,
8083,盘点兵哥哥颜值天花板，看到最后有惊喜哦！（作者:邢雨辰   编辑:黄镇强）#男生一定拥有的战衣 #兵哥哥 #185大帅哥,https://www.douyin.com/video/7288534129153494287,联勤集结号,2.0,0.0,0.0,0,
5744,迎新春，升国旗,https://www.douyin.com/video/7191393679850999055,西陆强军号,,0.0,,0,
229,新战士，入营喽！,https://www.douyin.com/video/7280731804229782803,中国军网,2.0,1.0,,1,
10170,参观见学砥砺初心，走好新赶考路（泉州海警局  刘志豪、郭浩然、林逢捷；编辑：卢然）,https://www.douyin.com/video/7268295277415566631,人民武警,,0.0,,0,
4683,再见了，我的战友，祝未来一切都好！(王祥东、郝强、张耘阁),https://www.douyin.com/video/7275198787277180220,忠诚号,2.0,2.0,,2,
6780,枕戈待旦，边疆官兵坚守战位守护万家灯火（视频综合王军强、钞飞航等来稿，剪辑：范高臣）#枕戈待旦 #温暖平安过大年 #年年岁岁护你平安 #2023大展宏兔,https://www.douyin.com/video/7192509065912716583,喀喇昆仑卫士,1.0,2.0,2.0,2,
7868,“写春联、送祝福、迎新春”翰墨贺新春！,https://www.douyin.com/video/7190544363145940283,中国火箭军,2.0,0.0,0.0,0,
8843,退伍不褪色！若有战，召必回！ （吕瑶）,https://www.douyin.com/video/7276389225132494141,中国战略支援,1.0,2.0,2.0,2,
3290,东部战区面向英烈面向复兴的告白——中国，一“点”都不能少！#缅怀  #清明 #守护 （东部战区融媒体中心）,https://www.douyin.com/video/7218166120094649659,东部战区,1.0,2.0,,2,
2574,战友间的假动作 #内卷#内容过于真实（苏唱、张德豪、张宇涵 编辑：郑洋榕）,https://www.douyin.com/video/7237341894894734649,八一青春方阵,2.0,0.0,,0,
